Case,gate length,Theta,Phi,dt,combination,total time,computing time
case1,26,2.005741652160141,4.2758109749704305,2.6,"[2, 2, 4, 4, 1, 1, 3, 3, 2, 2, 4, 4, 1, 1, 3, 3, 2, 2, 4, 4, 4, 1, 1, 1, 3, 3]",67.60000000000001,8279.800825834274
