Case,gate length,Theta,Phi,dt,combination,total time,computing time
case1,26,2.0766925549613124,0.4734125136758476,2.6,"[1, 1, 3, 3, 2, 2, 4, 4, 1, 1, 3, 3, 2, 2, 4, 4, 1, 1, 3, 3, 2, 4, 4, 1, 3, 3]",67.60000000000001,996.7632160186768
case2,18,1.7692378883387379,2.166073595275595,2.6,"[3, 3, 2, 2, 4, 4, 1, 1, 3, 3, 2, 2, 4, 4, 1, 1, 3, 3]",46.800000000000004,14.1714768409729
