Case,gate length,Theta,Phi,dt,combination,total time,computing time
case1,26,2.042998874360321,4.655028420176746,2.6,"[2, 4, 4, 1, 1, 3, 3, 2, 2, 4, 4, 1, 1, 3, 3, 2, 2, 4, 4, 1, 1, 1, 2, 2, 0, 3]",67.60000000000001,1454.3432104587555
