Case,gate length,Theta,Phi,dt,combination,total time,computing time
case1,26,2.027356892223491,4.698313627003284,2.6,"[2, 4, 4, 1, 1, 3, 3, 2, 2, 4, 4, 1, 1, 3, 3, 2, 2, 4, 4, 1, 1, 3, 0, 4, 3, 2]",67.60000000000001,1650.7102453708649
