Case,gate length,Theta,Phi,dt,combination,total time,computing time
case1,18,1.697126930558055,4.622679285398181,2.6,"[2, 4, 4, 1, 1, 3, 3, 2, 2, 4, 4, 1, 1, 3, 3, 2, 2, 4]",46.800000000000004,11.380900859832764
