Case,gate length,Theta,Phi,dt,combination,total time,computing time
case1,26,1.9413275013243232,0.8645475318279606,2.6,"[1, 1, 3, 3, 2, 2, 4, 4, 1, 1, 3, 3, 2, 2, 4, 4, 1, 1, 3, 3, 0, 2, 0, 1, 2, 3]",67.60000000000001,6524.833937168121
