Case,gate length,Theta,Phi,dt,combination,total time,computing time
case1,18,1.5721535700076985,0.7759233246505182,2.6,"[1, 1, 3, 3, 2, 2, 4, 4, 1, 1, 3, 3, 2, 2, 4, 4, 4, 3]",46.800000000000004,27.885415077209473
case2,26,1.99434636094606,0.8574006510005362,2.6,"[1, 1, 3, 3, 2, 2, 4, 4, 1, 1, 3, 3, 2, 2, 4, 4, 1, 1, 3, 3, 3, 2, 3, 1, 4, 0]",67.60000000000001,3838.676313638687
case3,26,2.037376593573615,5.314175562002745,2.6,"[4, 4, 1, 1, 3, 3, 2, 2, 4, 4, 1, 1, 3, 3, 2, 2, 4, 4, 1, 1, 3, 2, 3, 4, 1, 1]",67.60000000000001,1326.2606358528137
case4,20,1.6156348927148267,3.4936836446010058,2.6,"[3, 3, 2, 2, 4, 4, 1, 1, 3, 3, 3, 3, 2, 0, 4, 1, 3, 3, 2, 2]",52.0,714.7129974365234
case5,26,1.814776168369665,2.159012039106996,2.6,"[3, 3, 2, 2, 4, 4, 1, 1, 3, 3, 2, 2, 4, 4, 1, 1, 3, 3, 2, 0, 4, 1, 3, 0, 2, 2]",67.60000000000001,79388.99712061882
case6,26,1.9078573766998017,5.401741571510045,2.6,"[4, 4, 1, 1, 3, 3, 2, 2, 4, 4, 1, 1, 3, 3, 2, 2, 4, 4, 1, 1, 0, 2, 0, 4, 0, 2]",67.60000000000001,17430.66704750061
case7,18,1.7371599097221473,3.0025622850802036,2.6,"[3, 2, 2, 4, 4, 1, 1, 3, 3, 2, 2, 4, 4, 1, 1, 3, 3, 2]",46.800000000000004,11.912134647369385
