Case,gate length,Theta,Phi,dt,combination,total time,computing time
case1,18,1.6981285684009397,0.8347716143919915,2.6,"[1, 1, 3, 3, 2, 2, 4, 4, 1, 1, 3, 3, 2, 2, 4, 4, 1, 1]",46.800000000000004,12.62409257888794
case2,27,1.924898406153866,3.2751644710234378,2.6,"[3, 3, 2, 2, 4, 4, 1, 1, 3, 3, 2, 2, 4, 4, 1, 1, 3, 3, 2, 2, 2, 0, 4, 4, 1, 1, 3]",70.2,42588.824979782104
case3,18,1.7352774110397349,4.527031350833798,2.6,"[2, 4, 4, 1, 1, 3, 3, 2, 2, 4, 4, 1, 1, 3, 3, 2, 2, 4]",46.800000000000004,13.02908992767334
