Case,gate length,Theta,Phi,dt,combination,fidelity,total time,computing time
case1,18,1.2772163730777857,5.533914899865566,2.61,"[4, 4, 1, 1, 3, 3, 2, 2, 4, 4, 1, 1, 1, 2, 0, 4, 0, 1]",0.99993763,46.98,1.4090197086334229
case2,26,2.241491184,4.474244658,2.6,"[2, 4, 4, 1, 1, 3, 3, 2, 2, 4, 4, 1, 1, 3, 3, 2, 2, 4, 4, 1, 1, 3, 3, 2, 4, 0]",0.99990131,67.60000000000001,0.060479164123535156
case3,33,2.94138863,3.41675814,2.6,"[2, 2, 4, 4, 1, 1, 3, 3, 2, 2, 4, 4, 1, 1, 3, 3, 2, 2, 4, 4, 1, 1, 3, 3, 2, 2, 4, 4, 1, 1, 1, 3, 0]",0.99997541,85.8,20.72709035873413
case4,32,2.333413079,6.208043603,2.76,"[4, 1, 1, 3, 3, 2, 2, 4, 4, 1, 1, 3, 3, 2, 2, 4, 4, 1, 1, 3, 3, 2, 2, 4, 4, 0, 0, 0, 0, 2, 0, 4]",0.99996564,88.32,64.99424743652344
case5,11,0.666634368,5.228249243,2.6,"[2, 2, 4, 4, 1, 3, 2, 2, 4, 2, 0]",0.9999969,28.6,0.002589702606201172
case6,14,0.933486057,6.062753226,3.86,"[4, 4, 1, 1, 3, 3, 2, 2, 4, 4, 0, 2, 4, 1]",0.99993029,54.04,37.450358152389526
