Case,gate length,Theta,Phi,dt,combination,fidelity,total time,computing time
case1,4,0.456436264,6.064581288,2.52,"[2, 4, 4, 1]",0.9967772877807698,10.08,3.1913280487060547
case2,3,0.457565174,0.353784602,3.36,"[4, 4, 1]",0.9967969549522868,10.08,1.3418395519256592
case3,3,0.43629391,3.65006015,2.78,"[3, 2, 2]",0.9940373735308329,8.34,1.3035786151885986
