Case,gate length,Theta,Phi,dt,combination,fidelity,total time,computing time
case1,32,3.100289489,0.582968772,2.619,"[1, 1, 3, 3, 2, 2, 4, 4, 1, 1, 3, 3, 2, 2, 4, 4, 1, 1, 3, 3, 2, 2, 4, 4, 1, 1, 3, 3, 2, 2, 4, 4]",0.9965832492446753,83.808,213.84992694854736
case2,26,2.134124023,4.144520196,2.606,"[2, 2, 4, 4, 1, 1, 3, 3, 2, 2, 4, 4, 1, 1, 3, 3, 2, 2, 4, 4, 4, 1, 1, 3, 3, 3]",0.9997863488926031,67.756,214.2062475681305
case3,18,1.271542881070328,6.039484095388638,2.6,"[4, 4, 1, 1, 3, 3, 2, 4, 1, 1, 1, 3, 0, 2, 4, 4, 4, 1]",0.9999837319105312,46.800000000000004,142.21195530891418
case4,33,2.73715693,4.99128374,2.615,"[2, 4, 4, 1, 1, 3, 3, 2, 2, 4, 4, 1, 1, 3, 3, 2, 2, 4, 4, 1, 1, 3, 3, 2, 2, 4, 4, 4, 1, 1, 3, 3, 2]",0.9999176557748435,86.295,211.45700192451477
case5,4,0.537675156,5.799751061,2.659,"[2, 4, 4, 4]",0.9906258867699501,10.636,6.088501453399658
case6,1,0.244221304,2.338952862,4.0,[3],0.9975558230006453,4.0,4.4232892990112305
case7,33,2.629869773804681,5.909042108789224,2.6,"[4, 1, 1, 3, 3, 2, 2, 4, 4, 1, 1, 3, 3, 2, 2, 4, 4, 1, 1, 3, 3, 2, 2, 4, 4, 1, 1, 4, 1, 3, 2, 2, 4]",0.9999400743775215,85.8,36.996126890182495
case8,19,1.866285163,1.363645819,2.58,"[1, 1, 3, 3, 2, 2, 4, 4, 1, 1, 3, 3, 3, 2, 4, 4, 1, 1, 3]",0.9940545755420281,49.02,215.09048533439636
