Case,gate length,Theta,Phi,dt,combination,total time,computing time
case1,26,2.09322818901768,4.692429418012978,2.6,"[2, 4, 4, 1, 1, 3, 3, 2, 2, 4, 4, 1, 1, 3, 3, 2, 2, 4, 4, 1, 1, 1, 0, 2, 1, 4]",67.60000000000001,482.1779956817627
