Case,gate length,Theta,Phi,dt,combination,total time,computing time
case1,26,2.080431842495108,0.4737743321783741,2.6,"[1, 1, 3, 3, 2, 2, 4, 4, 1, 1, 3, 3, 2, 2, 4, 4, 1, 1, 3, 3, 2, 4, 4, 1, 3, 3]",67.60000000000001,541.3262836933136
case2,18,1.635552738478066,2.3929829360007475,2.6,"[3, 3, 2, 2, 4, 4, 1, 1, 3, 3, 2, 2, 4, 4, 1, 1, 1, 3]",46.800000000000004,11.541314601898193
case3,18,1.6416680270967567,4.019028366587733,2.6,"[2, 2, 4, 4, 1, 1, 3, 3, 2, 2, 4, 4, 1, 1, 3, 3, 3, 2]",46.800000000000004,11.04376745223999
