Case,gate length,Theta,Phi,dt,combination,total time,computing time
case1,26,2.0557045290968015,0.8085615294098587,2.6,"[1, 1, 3, 3, 2, 2, 4, 4, 1, 1, 3, 3, 2, 2, 4, 4, 1, 1, 3, 3, 2, 0, 0, 0, 1, 0]",67.60000000000001,1267.7841851711273
case2,18,1.5853566447905303,2.586737906790589,2.6,"[3, 3, 2, 2, 4, 4, 1, 3, 2, 2, 2, 2, 4, 4, 1, 1, 3, 3]",46.800000000000004,98.58844900131226
case3,1,1.8236467039508195,4.369575669138922,2.6,[-1],2.6,28208.925273418427
case4,27,1.9970942097133288,0.21940731393427967,2.6,"[4, 4, 1, 1, 3, 3, 2, 2, 4, 4, 1, 1, 3, 3, 2, 2, 4, 4, 1, 1, 1, 2, 2, 1, 2, 2, 4]",70.2,23902.08322119713
case5,18,1.72205274993214,4.444456802960586,2.6,"[2, 4, 4, 1, 1, 3, 3, 2, 2, 4, 4, 1, 1, 3, 3, 2, 2, 4]",46.800000000000004,24.415733814239502
