Case,gate length,Theta,Phi,Omega,dt,combination,total time,computing time
case1,27,2.4241177960054614,1.4388044532389939,5.798471249209448,2.6,"[1, 1, 3, 3, 2, 2, 4, 4, 1, 1, 3, 3, 2, 2, 4, 4, 1, 1, 3, 3, 2, 2, 4, 4, 1, 3, 3]",70.2,56.756582736968994
