Case,gate length,Theta,Phi,dt,combination,total time,computing time
case1,10,0.8969157419718432,4.195696490089178,2.6,"[1, 3, 3, 2, 2, 4, 4, 1, 1, 1]",26.0,4.3993120193481445
