Case,gate length,Theta,Phi,Omega,dt,combination,total time,computing time
case1,18,1.8020004459685133,5.417864763593504,0.826897334730779,2.6,"[3, 3, 2, 2, 4, 4, 1, 1, 3, 3, 2, 2, 4, 4, 1, 1, 3, 3]",46.800000000000004,8.834323167800903
case2,33,2.7257895990853345,3.5679329332257987,5.690840613459982,2.6,"[1, 1, 3, 3, 2, 2, 4, 4, 1, 1, 3, 3, 2, 2, 4, 4, 1, 1, 3, 3, 2, 2, 4, 4, 1, 1, 3, 3, 3, 2, 3, 4, 4]",85.8,727.0484018325806
