Case,gate length,Theta,Phi,dt,combination,total time,computing time
case1,18,1.6523827713720243,5.302645050565739,2.6,"[4, 4, 1, 1, 3, 3, 2, 2, 4, 4, 1, 1, 3, 3, 2, 2, 2, 4]",46.800000000000004,12.551061630249023
case2,27,2.0119820452664157,1.8932283685850295,2.6,"[1, 1, 3, 3, 2, 2, 4, 4, 1, 1, 3, 3, 2, 2, 4, 4, 1, 1, 3, 3, 2, 3, 4, 2, 4, 4, 1]",70.2,12961.793541669846
case3,27,2.0145479272971314,0.3897005790484162,2.6,"[4, 1, 1, 3, 3, 2, 2, 4, 4, 1, 1, 3, 3, 2, 2, 4, 4, 1, 1, 3, 3, 0, 4, 0, 0, 0, 3]",70.2,5298.304264307022
