Case,gate length,Theta,Phi,dt,combination,total time,computing time
case1,18,1.6624138968845508,3.080208785090942,2.6,"[3, 2, 2, 4, 4, 1, 1, 3, 3, 2, 2, 4, 4, 1, 1, 3, 3, 2]",46.800000000000004,7.735414743423462
case2,19,1.86016026386544,1.6617113682263642,2.6,"[1, 1, 3, 3, 2, 2, 4, 4, 1, 1, 3, 3, 2, 2, 4, 4, 1, 1, 3]",49.4,7.197553396224976
case3,26,2.081173440309798,6.274807660275705,2.6,"[4, 1, 1, 3, 3, 2, 2, 4, 4, 1, 1, 3, 3, 2, 2, 4, 4, 1, 1, 3, 3, 2, 4, 1, 0, 4]",67.60000000000001,512.9889693260193
case4,18,1.6442630616771505,1.4567358973986089,2.6,"[1, 3, 3, 2, 2, 4, 4, 1, 1, 3, 3, 2, 2, 4, 4, 1, 1, 1]",46.800000000000004,11.924986362457275
case5,27,2.031369404942737,0.3278170090766814,2.6,"[4, 4, 1, 1, 3, 3, 2, 2, 4, 4, 1, 1, 3, 3, 2, 2, 4, 4, 1, 1, 1, 3, 3, 3, 2, 0, 0]",70.2,10886.368980407715
case6,18,1.6831491776491483,2.160003295712275,2.6,"[3, 3, 2, 2, 4, 4, 1, 1, 3, 3, 2, 2, 4, 4, 1, 1, 3, 3]",46.800000000000004,7.601922273635864
case7,18,1.6790928008636352,3.7259731767509723,2.6,"[2, 2, 4, 4, 1, 1, 3, 3, 2, 2, 4, 4, 1, 1, 3, 3, 2, 2]",46.800000000000004,8.018957614898682
