Case,gate length,Theta,Phi,Omega,dt,combination,total time,computing time
case1,26,2.4908875695252077,3.430105101969697,2.938953302792403,2.6,"[2, 4, 4, 1, 1, 3, 3, 2, 2, 4, 4, 1, 1, 3, 3, 2, 2, 4, 4, 1, 1, 3, 3, 2, 2, 4]",67.60000000000001,14.192911624908447
