Case,gate length,Theta,Phi,Omega,dt,combination,total time,computing time
case1,10,0.7725417044410584,0.10135089072041184,4.762211804700524,2.6,"[4, 1, 1, 3, 3, 2, 2, 4, 2, 4]",26.0,10.94079065322876
case2,18,1.770449822349693,4.844203891941978,0.5793084461729683,2.6,"[3, 3, 2, 2, 4, 4, 1, 1, 3, 3, 2, 2, 4, 4, 1, 1, 3, 3]",46.800000000000004,8.630459547042847
case3,33,2.8023900229071157,5.045632587748109,5.632915353860844,2.6,"[1, 1, 3, 3, 2, 2, 4, 4, 1, 1, 3, 3, 2, 2, 4, 4, 1, 1, 3, 3, 2, 2, 4, 4, 1, 1, 3, 3, 2, 2, 0, 2, 4]",85.8,356.92308735847473
case4,18,1.6676620278248535,4.677731739310697,6.092761013020767,2.6,"[1, 3, 3, 2, 2, 4, 4, 1, 1, 3, 3, 2, 2, 4, 4, 1, 1, 3]",46.800000000000004,10.757107019424438
