Case,gate length,Theta,Phi,dt,combination,total time,computing time
case1,18,1.6523827713720243,5.302645050565739,2.6,"[4, 4, 1, 1, 3, 3, 2, 2, 4, 4, 1, 1, 3, 3, 2, 2, 2, 4]",46.800000000000004,12.551061630249023
