Case,gate length,Theta,Phi,dt,combination,total time,computing time
case1,18,1.6624138968845508,3.080208785090942,2.6,"[3, 2, 2, 4, 4, 1, 1, 3, 3, 2, 2, 4, 4, 1, 1, 3, 3, 2]",46.800000000000004,7.735414743423462
case2,19,1.86016026386544,1.6617113682263642,2.6,"[1, 1, 3, 3, 2, 2, 4, 4, 1, 1, 3, 3, 2, 2, 4, 4, 1, 1, 3]",49.4,7.197553396224976
