Case,gate length,Theta,Phi,dt,combination,total time,computing time
case1,1,1.7137637594428707,2.7592098814859094,2.6,[-1],2.6,18556.691220521927
