Case,gate length,Theta,Phi,Omega,dt,combination,total time,computing time
case1,18,1.296913827321804,0.7514868051681738,3.0129203295516365,2.6,"[2, 4, 4, 1, 1, 3, 3, 2, 2, 4, 4, 1, 1, 3, 1, 3, 3, 0]",46.800000000000004,793.7552583217621
case2,11,1.0968638765222487,5.419939294329735,1.3901441603364428,2.6,"[3, 3, 2, 2, 4, 4, 1, 1, 3, 3, 2]",28.6,4.945300817489624
case3,26,2.2996651664300094,2.393700770942863,2.533976666577017,2.6,"[2, 2, 4, 4, 1, 1, 3, 3, 2, 2, 4, 4, 1, 1, 3, 3, 2, 2, 4, 4, 1, 1, 3, 3, 2, 3]",67.60000000000001,55.49765157699585
