Case,gate length,Theta,Phi,Omega,dt,combination,total time,computing time
case1,18,1.6025232378711083,1.2866318008953164,4.481207077706221,2.6,"[4, 1, 1, 3, 3, 2, 2, 4, 4, 1, 1, 3, 3, 2, 2, 4, 4, 0]",46.800000000000004,40.76751637458801
case2,26,2.336743948625183,4.039647072623197,2.4403482508394405,2.6,"[2, 2, 4, 4, 1, 1, 3, 3, 2, 2, 4, 4, 1, 1, 3, 3, 2, 2, 4, 4, 1, 1, 3, 3, 2, 0]",67.60000000000001,47.83205771446228
case3,33,3.012715453755992,5.353978339526253,2.5059360737561955,2.6,"[2, 2, 4, 4, 1, 1, 3, 3, 2, 2, 4, 4, 1, 1, 3, 3, 2, 2, 4, 4, 1, 1, 3, 3, 2, 2, 4, 4, 1, 1, 1, 3, 3]",85.8,139.87259197235107
